"id","line_no","original_line","mutated_line","source_filepath"
"http_1",2591,"return header(HEADER_ACCEPT, accept);","return null;","com/github/kevinsawicki/http/HttpRequest.java"
"http_2",2380,"return header(HEADER_ACCEPT_CHARSET, acceptCharset);","return null;","com/github/kevinsawicki/http/HttpRequest.java"
"http_3",2360,"return header(HEADER_ACCEPT_ENCODING, acceptEncoding);","return null;","com/github/kevinsawicki/http/HttpRequest.java"
"http_4",2370,"return acceptEncoding(ENCODING_GZIP);","return null;","com/github/kevinsawicki/http/HttpRequest.java"
"http_5",2600,"return accept(CONTENT_TYPE_JSON);","return null;","com/github/kevinsawicki/http/HttpRequest.java"
"http_6",339,"if (value != null && value.getClass().isArray())","if (false && value.getClass().isArray())","com/github/kevinsawicki/http/HttpRequest.java"
"http_7",339,"if (value != null && value.getClass().isArray())","if (true && value.getClass().isArray())","com/github/kevinsawicki/http/HttpRequest.java"
"http_8",339,"if (value != null && value.getClass().isArray())","if (value != null && false)","com/github/kevinsawicki/http/HttpRequest.java"
"http_9",339,"if (value != null && value.getClass().isArray())","if (value != null && true)","com/github/kevinsawicki/http/HttpRequest.java"
"http_10",342,"if (value instanceof Iterable<?>) {","if (false<?>) {","com/github/kevinsawicki/http/HttpRequest.java"
"http_11",342,"if (value instanceof Iterable<?>) {","if (true<?>) {","com/github/kevinsawicki/http/HttpRequest.java"
"http_12",344,"while (iterator.hasNext()) {","while (false) {","com/github/kevinsawicki/http/HttpRequest.java"
"http_13",344,"while (iterator.hasNext()) {","while (true) {","com/github/kevinsawicki/http/HttpRequest.java"
"http_14",348,"if (element != null)","if (false)","com/github/kevinsawicki/http/HttpRequest.java"
"http_15",348,"if (element != null)","if (true)","com/github/kevinsawicki/http/HttpRequest.java"
"http_16",350,"if (iterator.hasNext())","if (false)","com/github/kevinsawicki/http/HttpRequest.java"
"http_17",350,"if (iterator.hasNext())","if (true)","com/github/kevinsawicki/http/HttpRequest.java"
"http_18",356,"if (value != null)","if (false)","com/github/kevinsawicki/http/HttpRequest.java"
"http_19",356,"if (value != null)","if (true)","com/github/kevinsawicki/http/HttpRequest.java"
"http_20",360,"return result;","return null;","com/github/kevinsawicki/http/HttpRequest.java"
"http_21",329,"final int lastChar = result.length() - 1;","final int lastChar = result.length() + 1;","com/github/kevinsawicki/http/HttpRequest.java"
"http_22",330,"if (queryStart == -1)","if (false)","com/github/kevinsawicki/http/HttpRequest.java"
"http_23",330,"if (queryStart == -1)","if (true)","com/github/kevinsawicki/http/HttpRequest.java"
"http_24",332,"else if (queryStart < lastChar && baseUrl.charAt(lastChar) != '&')","else if (queryStart <= lastChar && baseUrl.charAt(lastChar) != '&')","com/github/kevinsawicki/http/HttpRequest.java"
"http_25",332,"else if (queryStart < lastChar && baseUrl.charAt(lastChar) != '&')","else if (false && baseUrl.charAt(lastChar) != '&')","com/github/kevinsawicki/http/HttpRequest.java"
"http_26",332,"else if (queryStart < lastChar && baseUrl.charAt(lastChar) != '&')","else if (true && baseUrl.charAt(lastChar) != '&')","com/github/kevinsawicki/http/HttpRequest.java"
"http_27",332,"else if (queryStart < lastChar && baseUrl.charAt(lastChar) != '&')","else if (queryStart < lastChar && false)","com/github/kevinsawicki/http/HttpRequest.java"
"http_28",332,"else if (queryStart < lastChar && baseUrl.charAt(lastChar) != '&')","else if (queryStart < lastChar && true)","com/github/kevinsawicki/http/HttpRequest.java"
"http_29",334,"return result;","return null;","com/github/kevinsawicki/http/HttpRequest.java"
"http_30",320,"if (baseUrl.indexOf(':') + 2 == baseUrl.lastIndexOf('/'))","if (baseUrl.indexOf(':') - 2 == baseUrl.lastIndexOf('/'))","com/github/kevinsawicki/http/HttpRequest.java"
"http_31",320,"if (baseUrl.indexOf(':') + 2 == baseUrl.lastIndexOf('/'))","if (false)","com/github/kevinsawicki/http/HttpRequest.java"
"http_32",320,"if (baseUrl.indexOf(':') + 2 == baseUrl.lastIndexOf('/'))","if (true)","com/github/kevinsawicki/http/HttpRequest.java"
"http_33",322,"return result;","return null;","com/github/kevinsawicki/http/HttpRequest.java"
"http_34",914,"if (params == null || params.isEmpty())","if (false || params.isEmpty())","com/github/kevinsawicki/http/HttpRequest.java"
"http_35",914,"if (params == null || params.isEmpty())","if (true || params.isEmpty())","com/github/kevinsawicki/http/HttpRequest.java"
"http_36",914,"if (params == null || params.isEmpty())","if (params == null || false)","com/github/kevinsawicki/http/HttpRequest.java"
"http_37",914,"if (params == null || params.isEmpty())","if (params == null || true)","com/github/kevinsawicki/http/HttpRequest.java"
"http_38",915,"return baseUrl;","return """";","com/github/kevinsawicki/http/HttpRequest.java"
"http_39",927,"while (iterator.hasNext()) {","while (false) {","com/github/kevinsawicki/http/HttpRequest.java"
"http_40",927,"while (iterator.hasNext()) {","while (true) {","com/github/kevinsawicki/http/HttpRequest.java"
"http_41",933,"return result.toString();","return """";","com/github/kevinsawicki/http/HttpRequest.java"
"http_42",949,"if (params == null || params.length == 0)","if (false || params.length == 0)","com/github/kevinsawicki/http/HttpRequest.java"
"http_43",949,"if (params == null || params.length == 0)","if (true || params.length == 0)","com/github/kevinsawicki/http/HttpRequest.java"
"http_44",949,"if (params == null || params.length == 0)","if (params == null || false)","com/github/kevinsawicki/http/HttpRequest.java"
"http_45",949,"if (params == null || params.length == 0)","if (params == null || true)","com/github/kevinsawicki/http/HttpRequest.java"
"http_46",950,"return baseUrl;","return """";","com/github/kevinsawicki/http/HttpRequest.java"
"http_47",952,"if (params.length % 2 != 0)","if (params.length * 2 != 0)","com/github/kevinsawicki/http/HttpRequest.java"
"http_48",952,"if (params.length % 2 != 0)","if (false)","com/github/kevinsawicki/http/HttpRequest.java"
"http_49",952,"if (params.length % 2 != 0)","if (true)","com/github/kevinsawicki/http/HttpRequest.java"
"http_50",963,"for (int i = 2; i < params.length; i += 2) {","for (int i = 2; i <= params.length; i += 2) {","com/github/kevinsawicki/http/HttpRequest.java"
"http_51",963,"for (int i = 2; i < params.length; i += 2) {","for (int i = 2; false; i += 2) {","com/github/kevinsawicki/http/HttpRequest.java"
"http_52",963,"for (int i = 2; i < params.length; i += 2) {","for (int i = 2; true; i += 2) {","com/github/kevinsawicki/http/HttpRequest.java"
"http_53",965,"addParam(params[i], params[i + 1], result);","addParam(params[i], params[i - 1], result);","com/github/kevinsawicki/http/HttpRequest.java"
"http_54",968,"return result.toString();","return """";","com/github/kevinsawicki/http/HttpRequest.java"
"http_55",836,"if (array instanceof Object[])","if (false[])","com/github/kevinsawicki/http/HttpRequest.java"
"http_56",836,"if (array instanceof Object[])","if (true[])","com/github/kevinsawicki/http/HttpRequest.java"
"http_57",837,"return Arrays.asList((Object[]) array);","return Collections.emptyList();","com/github/kevinsawicki/http/HttpRequest.java"
"http_58",841,"if (array instanceof int[])","if (false[])","com/github/kevinsawicki/http/HttpRequest.java"
"http_59",841,"if (array instanceof int[])","if (true[])","com/github/kevinsawicki/http/HttpRequest.java"
"http_60",843,"else if (array instanceof boolean[])","else if (false[])","com/github/kevinsawicki/http/HttpRequest.java"
"http_61",843,"else if (array instanceof boolean[])","else if (true[])","com/github/kevinsawicki/http/HttpRequest.java"
"http_62",845,"else if (array instanceof long[])","else if (false[])","com/github/kevinsawicki/http/HttpRequest.java"
"http_63",845,"else if (array instanceof long[])","else if (true[])","com/github/kevinsawicki/http/HttpRequest.java"
"http_64",847,"else if (array instanceof float[])","else if (false[])","com/github/kevinsawicki/http/HttpRequest.java"
"http_65",847,"else if (array instanceof float[])","else if (true[])","com/github/kevinsawicki/http/HttpRequest.java"
"http_66",849,"else if (array instanceof double[])","else if (false[])","com/github/kevinsawicki/http/HttpRequest.java"
"http_67",849,"else if (array instanceof double[])","else if (true[])","com/github/kevinsawicki/http/HttpRequest.java"
"http_68",851,"else if (array instanceof short[])","else if (false[])","com/github/kevinsawicki/http/HttpRequest.java"
"http_69",851,"else if (array instanceof short[])","else if (true[])","com/github/kevinsawicki/http/HttpRequest.java"
"http_70",853,"else if (array instanceof byte[])","else if (false[])","com/github/kevinsawicki/http/HttpRequest.java"
"http_71",853,"else if (array instanceof byte[])","else if (true[])","com/github/kevinsawicki/http/HttpRequest.java"
"http_72",855,"else if (array instanceof char[])","else if (false[])","com/github/kevinsawicki/http/HttpRequest.java"
"http_73",855,"else if (array instanceof char[])","else if (true[])","com/github/kevinsawicki/http/HttpRequest.java"
"http_74",857,"return result;","return Collections.emptyList();","com/github/kevinsawicki/http/HttpRequest.java"
"http_75",2462,"return header(HEADER_AUTHORIZATION, authorization);","return null;","com/github/kevinsawicki/http/HttpRequest.java"
"http_76",1627,"return HTTP_BAD_REQUEST == code();","return false;","com/github/kevinsawicki/http/HttpRequest.java"
"http_77",1627,"return HTTP_BAD_REQUEST == code();","return true;","com/github/kevinsawicki/http/HttpRequest.java"
"http_78",1627,"return HTTP_BAD_REQUEST == code();","return true;","com/github/kevinsawicki/http/HttpRequest.java"
"http_79",2484,"return authorization(""Basic "" + Base64.encode(name + ':' + password));","return null;","com/github/kevinsawicki/http/HttpRequest.java"
"http_80",1779,"return body(charset());","return """";","com/github/kevinsawicki/http/HttpRequest.java"
"http_81",1765,"return output.toString(getValidCharset(charset));","return """";","com/github/kevinsawicki/http/HttpRequest.java"
"http_82",1791,"output.set(body());","output.set(body());  // removed call to set()","com/github/kevinsawicki/http/HttpRequest.java"
"http_83",1792,"return this;","return null;","com/github/kevinsawicki/http/HttpRequest.java"
"http_84",1805,"output.set(body(charset));","output.set(body(charset));  // removed call to set()","com/github/kevinsawicki/http/HttpRequest.java"
"http_85",1806,"return this;","return null;","com/github/kevinsawicki/http/HttpRequest.java"
"http_86",1844,"return new BufferedInputStream(stream(), bufferSize);","return null;","com/github/kevinsawicki/http/HttpRequest.java"
"http_87",1712,"return bufferSize;","return 0;","com/github/kevinsawicki/http/HttpRequest.java"
"http_88",1698,"if (size < 1)","if (size <= 1)","com/github/kevinsawicki/http/HttpRequest.java"
"http_89",1698,"if (size < 1)","if (false)","com/github/kevinsawicki/http/HttpRequest.java"
"http_90",1698,"if (size < 1)","if (true)","com/github/kevinsawicki/http/HttpRequest.java"
"http_91",1701,"return this;","return null;","com/github/kevinsawicki/http/HttpRequest.java"
"http_92",1938,"return bufferedReader(charset());","return null;","com/github/kevinsawicki/http/HttpRequest.java"
"http_93",1926,"return new BufferedReader(reader(charset), bufferSize);","return null;","com/github/kevinsawicki/http/HttpRequest.java"
"http_94",1745,"if (size > 0)","if (size >= 0)","com/github/kevinsawicki/http/HttpRequest.java"
"http_95",1745,"if (size > 0)","if (false)","com/github/kevinsawicki/http/HttpRequest.java"
"http_96",1745,"if (size > 0)","if (true)","com/github/kevinsawicki/http/HttpRequest.java"
"http_97",1746,"return new ByteArrayOutputStream(size);","return null;","com/github/kevinsawicki/http/HttpRequest.java"
"http_98",1748,"return new ByteArrayOutputStream();","return null;","com/github/kevinsawicki/http/HttpRequest.java"
"http_99",1833,"return output.toByteArray();","return null;","com/github/kevinsawicki/http/HttpRequest.java"
"http_100",2416,"return header(HEADER_CACHE_CONTROL);","return """";","com/github/kevinsawicki/http/HttpRequest.java"
"http_101",2319,"return parameter(HEADER_CONTENT_TYPE, PARAM_CHARSET);","return """";","com/github/kevinsawicki/http/HttpRequest.java"
"http_102",1682,"getConnection().setChunkedStreamingMode(size);","getConnection().  // removed call to setChunkedStreamingMode()","com/github/kevinsawicki/http/HttpRequest.java"
"http_103",1683,"return this;","return null;","com/github/kevinsawicki/http/HttpRequest.java"
"http_104",2685,"if (output == null)","if (false)","com/github/kevinsawicki/http/HttpRequest.java"
"http_105",2685,"if (output == null)","if (true)","com/github/kevinsawicki/http/HttpRequest.java"
"http_106",2686,"return this;","return null;","com/github/kevinsawicki/http/HttpRequest.java"
"http_107",2687,"if (multipart)","if (false)","com/github/kevinsawicki/http/HttpRequest.java"
"http_108",2687,"if (multipart)","if (true)","com/github/kevinsawicki/http/HttpRequest.java"
"http_109",2689,"if (ignoreCloseExceptions)","if (false)","com/github/kevinsawicki/http/HttpRequest.java"
"http_110",2689,"if (ignoreCloseExceptions)","if (true)","com/github/kevinsawicki/http/HttpRequest.java"
"http_111",2691,"output.close();","// removed call to close()","com/github/kevinsawicki/http/HttpRequest.java"
"http_112",2696,"output.close();","// removed call to close()","com/github/kevinsawicki/http/HttpRequest.java"
"http_113",2698,"return this;","return null;","com/github/kevinsawicki/http/HttpRequest.java"
"http_114",2710,"return closeOutput();","return null;","com/github/kevinsawicki/http/HttpRequest.java"
"http_115",1560,"return getConnection().getResponseCode();","return 0;","com/github/kevinsawicki/http/HttpRequest.java"
"http_116",1576,"output.set(code());","output.set(code());  // removed call to set()","com/github/kevinsawicki/http/HttpRequest.java"
"http_117",1577,"return this;","return null;","com/github/kevinsawicki/http/HttpRequest.java"
"http_118",2054,"getConnection().setConnectTimeout(timeout);","getConnection().  // removed call to setConnectTimeout()","com/github/kevinsawicki/http/HttpRequest.java"
"http_119",2055,"return this;","return null;","com/github/kevinsawicki/http/HttpRequest.java"
"http_120",2389,"return header(HEADER_CONTENT_ENCODING);","return """";","com/github/kevinsawicki/http/HttpRequest.java"
"http_121",2560,"return intHeader(HEADER_CONTENT_LENGTH);","return 0;","com/github/kevinsawicki/http/HttpRequest.java"
"http_122",2580,"getConnection().setFixedLengthStreamingMode(contentLength);","getConnection().  // removed call to setFixedLengthStreamingMode()","com/github/kevinsawicki/http/HttpRequest.java"
"http_123",2581,"return this;","return null;","com/github/kevinsawicki/http/HttpRequest.java"
"http_124",2570,"return contentLength(Integer.parseInt(contentLength));","return null;","com/github/kevinsawicki/http/HttpRequest.java"
"http_125",2551,"return header(HEADER_CONTENT_TYPE);","return """";","com/github/kevinsawicki/http/HttpRequest.java"
"http_126",2527,"return contentType(contentType, null);","return null;","com/github/kevinsawicki/http/HttpRequest.java"
"http_127",2538,"if (charset != null && charset.length() > 0) {","if (false && charset.length() > 0) {","com/github/kevinsawicki/http/HttpRequest.java"
"http_128",2538,"if (charset != null && charset.length() > 0) {","if (true && charset.length() > 0) {","com/github/kevinsawicki/http/HttpRequest.java"
"http_129",2538,"if (charset != null && charset.length() > 0) {","if (charset != null && charset.length() >= 0) {","com/github/kevinsawicki/http/HttpRequest.java"
"http_130",2538,"if (charset != null && charset.length() > 0) {","if (charset != null && false) {","com/github/kevinsawicki/http/HttpRequest.java"
"http_131",2538,"if (charset != null && charset.length() > 0) {","if (charset != null && true) {","com/github/kevinsawicki/http/HttpRequest.java"
"http_132",2540,"return header(HEADER_CONTENT_TYPE, contentType + separator + charset);","return null;","com/github/kevinsawicki/http/HttpRequest.java"
"http_133",2542,"return header(HEADER_CONTENT_TYPE, contentType);","return null;","com/github/kevinsawicki/http/HttpRequest.java"
"http_134",2613,"return new CloseOperation<HttpRequest>(input, ignoreCloseExceptions) {","return null;","com/github/kevinsawicki/http/HttpRequest.java"
"http_135",2639,"return new CloseOperation<HttpRequest>(input, ignoreCloseExceptions) {","return null;","com/github/kevinsawicki/http/HttpRequest.java"
"http_136",1500,"if (httpProxyHost != null)","if (false)","com/github/kevinsawicki/http/HttpRequest.java"
"http_137",1500,"if (httpProxyHost != null)","if (true)","com/github/kevinsawicki/http/HttpRequest.java"
"http_138",1504,"connection.setRequestMethod(requestMethod);","// removed call to setRequestMethod()","com/github/kevinsawicki/http/HttpRequest.java"
"http_139",1505,"return connection;","return null;","com/github/kevinsawicki/http/HttpRequest.java"
"http_140",1494,"return new Proxy(HTTP, new InetSocketAddress(httpProxyHost, httpProxyPort));","return null;","com/github/kevinsawicki/http/HttpRequest.java"
"http_141",1597,"return HTTP_CREATED == code();","return false;","com/github/kevinsawicki/http/HttpRequest.java"
"http_142",1597,"return HTTP_CREATED == code();","return true;","com/github/kevinsawicki/http/HttpRequest.java"
"http_143",1597,"return HTTP_CREATED == code();","return true;","com/github/kevinsawicki/http/HttpRequest.java"
"http_144",2407,"return dateHeader(HEADER_DATE);","return 0;","com/github/kevinsawicki/http/HttpRequest.java"
"http_145",2137,"return dateHeader(name, -1L);","return 0;","com/github/kevinsawicki/http/HttpRequest.java"
"http_146",2152,"return getConnection().getHeaderFieldDate(name, defaultValue);","return 0;","com/github/kevinsawicki/http/HttpRequest.java"
"http_147",1172,"return new HttpRequest(url, METHOD_DELETE);","return null;","com/github/kevinsawicki/http/HttpRequest.java"
"http_148",1203,"return delete(encode ? encode(url) : url);","return delete(false ? encode(url) : url);","com/github/kevinsawicki/http/HttpRequest.java"
"http_149",1203,"return delete(encode ? encode(url) : url);","return delete(true ? encode(url) : url);","com/github/kevinsawicki/http/HttpRequest.java"
"http_150",1203,"return delete(encode ? encode(url) : url);","return null;","com/github/kevinsawicki/http/HttpRequest.java"
"http_151",1224,"return delete(encode ? encode(url) : url);","return delete(false ? encode(url) : url);","com/github/kevinsawicki/http/HttpRequest.java"
"http_152",1224,"return delete(encode ? encode(url) : url);","return delete(true ? encode(url) : url);","com/github/kevinsawicki/http/HttpRequest.java"
"http_153",1224,"return delete(encode ? encode(url) : url);","return null;","com/github/kevinsawicki/http/HttpRequest.java"
"http_154",1183,"return new HttpRequest(url, METHOD_DELETE);","return null;","com/github/kevinsawicki/http/HttpRequest.java"
"http_155",1671,"getConnection().disconnect();","getConnection().  // removed call to disconnect()","com/github/kevinsawicki/http/HttpRequest.java"
"http_156",1672,"return this;","return null;","com/github/kevinsawicki/http/HttpRequest.java"
"http_157",2425,"return header(HEADER_ETAG);","return """";","com/github/kevinsawicki/http/HttpRequest.java"
"http_158",884,"if (port != -1)","if (false)","com/github/kevinsawicki/http/HttpRequest.java"
"http_159",884,"if (port != -1)","if (true)","com/github/kevinsawicki/http/HttpRequest.java"
"http_160",891,"if (paramsStart > 0 && paramsStart + 1 < encoded.length())","if (paramsStart >= 0 && paramsStart + 1 < encoded.length())","com/github/kevinsawicki/http/HttpRequest.java"
"http_161",891,"if (paramsStart > 0 && paramsStart + 1 < encoded.length())","if (false && paramsStart + 1 < encoded.length())","com/github/kevinsawicki/http/HttpRequest.java"
"http_162",891,"if (paramsStart > 0 && paramsStart + 1 < encoded.length())","if (true && paramsStart + 1 < encoded.length())","com/github/kevinsawicki/http/HttpRequest.java"
"http_163",891,"if (paramsStart > 0 && paramsStart + 1 < encoded.length())","if (paramsStart > 0 && paramsStart - 1 < encoded.length())","com/github/kevinsawicki/http/HttpRequest.java"
"http_164",891,"if (paramsStart > 0 && paramsStart + 1 < encoded.length())","if (paramsStart > 0 && paramsStart + 1 <= encoded.length())","com/github/kevinsawicki/http/HttpRequest.java"
"http_165",891,"if (paramsStart > 0 && paramsStart + 1 < encoded.length())","if (paramsStart > 0 && false)","com/github/kevinsawicki/http/HttpRequest.java"
"http_166",891,"if (paramsStart > 0 && paramsStart + 1 < encoded.length())","if (paramsStart > 0 && true)","com/github/kevinsawicki/http/HttpRequest.java"
"http_167",892,"encoded = encoded.substring(0, paramsStart + 1)","encoded = encoded.substring(0, paramsStart - 1)","com/github/kevinsawicki/http/HttpRequest.java"
"http_168",894,"return encoded;","return """";","com/github/kevinsawicki/http/HttpRequest.java"
"http_169",2434,"return dateHeader(HEADER_EXPIRES);","return 0;","com/github/kevinsawicki/http/HttpRequest.java"
"http_170",3256,"getConnection().setInstanceFollowRedirects(followRedirects);","getConnection().  // removed call to setInstanceFollowRedirects()","com/github/kevinsawicki/http/HttpRequest.java"
"http_171",3257,"return this;","return null;","com/github/kevinsawicki/http/HttpRequest.java"
"http_172",3127,"return form(name, value, CHARSET_UTF8);","return null;","com/github/kevinsawicki/http/HttpRequest.java"
"http_173",3145,"if (first) {","if (false) {","com/github/kevinsawicki/http/HttpRequest.java"
"http_174",3145,"if (first) {","if (true) {","com/github/kevinsawicki/http/HttpRequest.java"
"http_175",3152,"if (!first)","if (false)","com/github/kevinsawicki/http/HttpRequest.java"
"http_176",3152,"if (!first)","if (true)","com/github/kevinsawicki/http/HttpRequest.java"
"http_177",3153,"output.write('&');","// removed call to write()","com/github/kevinsawicki/http/HttpRequest.java"
"http_178",3155,"output.write('=');","// removed call to write()","com/github/kevinsawicki/http/HttpRequest.java"
"http_179",3156,"if (value != null)","if (false)","com/github/kevinsawicki/http/HttpRequest.java"
"http_180",3156,"if (value != null)","if (true)","com/github/kevinsawicki/http/HttpRequest.java"
"http_181",3161,"return this;","return null;","com/github/kevinsawicki/http/HttpRequest.java"
"http_182",3095,"return form(entry, CHARSET_UTF8);","return null;","com/github/kevinsawicki/http/HttpRequest.java"
"http_183",3111,"return form(entry.getKey(), entry.getValue(), charset);","return null;","com/github/kevinsawicki/http/HttpRequest.java"
"http_184",3081,"return form(values, CHARSET_UTF8);","return null;","com/github/kevinsawicki/http/HttpRequest.java"
"http_185",3174,"if (!values.isEmpty())","if (false)","com/github/kevinsawicki/http/HttpRequest.java"
"http_186",3174,"if (!values.isEmpty())","if (true)","com/github/kevinsawicki/http/HttpRequest.java"
"http_187",3177,"return this;","return null;","com/github/kevinsawicki/http/HttpRequest.java"
"http_188",980,"return new HttpRequest(url, METHOD_GET);","return null;","com/github/kevinsawicki/http/HttpRequest.java"
"http_189",1011,"return get(encode ? encode(url) : url);","return get(false ? encode(url) : url);","com/github/kevinsawicki/http/HttpRequest.java"
"http_190",1011,"return get(encode ? encode(url) : url);","return get(true ? encode(url) : url);","com/github/kevinsawicki/http/HttpRequest.java"
"http_191",1011,"return get(encode ? encode(url) : url);","return null;","com/github/kevinsawicki/http/HttpRequest.java"
"http_192",1032,"return get(encode ? encode(url) : url);","return get(false ? encode(url) : url);","com/github/kevinsawicki/http/HttpRequest.java"
"http_193",1032,"return get(encode ? encode(url) : url);","return get(true ? encode(url) : url);","com/github/kevinsawicki/http/HttpRequest.java"
"http_194",1032,"return get(encode ? encode(url) : url);","return null;","com/github/kevinsawicki/http/HttpRequest.java"
"http_195",991,"return new HttpRequest(url, METHOD_GET);","return null;","com/github/kevinsawicki/http/HttpRequest.java"
"http_196",1522,"if (connection == null)","if (false)","com/github/kevinsawicki/http/HttpRequest.java"
"http_197",1522,"if (connection == null)","if (true)","com/github/kevinsawicki/http/HttpRequest.java"
"http_198",1524,"return connection;","return null;","com/github/kevinsawicki/http/HttpRequest.java"
"http_199",2278,"if (value == null || value.length() == 0)","if (false || value.length() == 0)","com/github/kevinsawicki/http/HttpRequest.java"
"http_200",2278,"if (value == null || value.length() == 0)","if (true || value.length() == 0)","com/github/kevinsawicki/http/HttpRequest.java"
"http_201",2278,"if (value == null || value.length() == 0)","if (value == null || false)","com/github/kevinsawicki/http/HttpRequest.java"
"http_202",2278,"if (value == null || value.length() == 0)","if (value == null || true)","com/github/kevinsawicki/http/HttpRequest.java"
"http_203",2279,"return null;","return """";","com/github/kevinsawicki/http/HttpRequest.java"
"http_204",2282,"int start = value.indexOf(';') + 1;","int start = value.indexOf(';') - 1;","com/github/kevinsawicki/http/HttpRequest.java"
"http_205",2283,"if (start == 0 || start == length)","if (false || start == length)","com/github/kevinsawicki/http/HttpRequest.java"
"http_206",2283,"if (start == 0 || start == length)","if (true || start == length)","com/github/kevinsawicki/http/HttpRequest.java"
"http_207",2283,"if (start == 0 || start == length)","if (start == 0 || false)","com/github/kevinsawicki/http/HttpRequest.java"
"http_208",2283,"if (start == 0 || start == length)","if (start == 0 || true)","com/github/kevinsawicki/http/HttpRequest.java"
"http_209",2284,"return null;","return """";","com/github/kevinsawicki/http/HttpRequest.java"
"http_210",2287,"if (end == -1)","if (false)","com/github/kevinsawicki/http/HttpRequest.java"
"http_211",2287,"if (end == -1)","if (true)","com/github/kevinsawicki/http/HttpRequest.java"
"http_212",2290,"while (start < end) {","while (start <= end) {","com/github/kevinsawicki/http/HttpRequest.java"
"http_213",2290,"while (start < end) {","while (false) {","com/github/kevinsawicki/http/HttpRequest.java"
"http_214",2290,"while (start < end) {","while (true) {","com/github/kevinsawicki/http/HttpRequest.java"
"http_215",2292,"if (nameEnd != -1 && nameEnd < end","if (false && nameEnd < end","com/github/kevinsawicki/http/HttpRequest.java"
"http_216",2292,"if (nameEnd != -1 && nameEnd < end","if (true && nameEnd < end","com/github/kevinsawicki/http/HttpRequest.java"
"http_217",2292,"if (nameEnd != -1 && nameEnd < end","if (nameEnd != -1 && nameEnd <= end","com/github/kevinsawicki/http/HttpRequest.java"
"http_218",2292,"if (nameEnd != -1 && nameEnd < end","if (nameEnd != -1 && false","com/github/kevinsawicki/http/HttpRequest.java"
"http_219",2292,"if (nameEnd != -1 && nameEnd < end","if (nameEnd != -1 && true","com/github/kevinsawicki/http/HttpRequest.java"
"http_220",2293,"&& paramName.equals(value.substring(start, nameEnd).trim())) {","&& false) {","com/github/kevinsawicki/http/HttpRequest.java"
"http_221",2293,"&& paramName.equals(value.substring(start, nameEnd).trim())) {","&& true) {","com/github/kevinsawicki/http/HttpRequest.java"
"http_222",2294,"String paramValue = value.substring(nameEnd + 1, end).trim();","String paramValue = value.substring(nameEnd - 1, end).trim();","com/github/kevinsawicki/http/HttpRequest.java"
"http_223",2296,"if (valueLength != 0)","if (false)","com/github/kevinsawicki/http/HttpRequest.java"
"http_224",2296,"if (valueLength != 0)","if (true)","com/github/kevinsawicki/http/HttpRequest.java"
"http_225",2297,"if (valueLength > 2 && '""' == paramValue.charAt(0)","if (valueLength >= 2 && '""' == paramValue.charAt(0)","com/github/kevinsawicki/http/HttpRequest.java"
"http_226",2297,"if (valueLength > 2 && '""' == paramValue.charAt(0)","if (false && '""' == paramValue.charAt(0)","com/github/kevinsawicki/http/HttpRequest.java"
"http_227",2297,"if (valueLength > 2 && '""' == paramValue.charAt(0)","if (true && '""' == paramValue.charAt(0)","com/github/kevinsawicki/http/HttpRequest.java"
"http_228",2297,"if (valueLength > 2 && '""' == paramValue.charAt(0)","if (valueLength > 2 && false","com/github/kevinsawicki/http/HttpRequest.java"
"http_229",2297,"if (valueLength > 2 && '""' == paramValue.charAt(0)","if (valueLength > 2 && true","com/github/kevinsawicki/http/HttpRequest.java"
"http_230",2298,"&& '""' == paramValue.charAt(valueLength - 1))","&& false)","com/github/kevinsawicki/http/HttpRequest.java"
"http_231",2298,"&& '""' == paramValue.charAt(valueLength - 1))","&& true)","com/github/kevinsawicki/http/HttpRequest.java"
"http_232",2299,"return paramValue.substring(1, valueLength - 1);","return paramValue.substring(1, valueLength + 1);","com/github/kevinsawicki/http/HttpRequest.java"
"http_233",2299,"return paramValue.substring(1, valueLength - 1);","return """";","com/github/kevinsawicki/http/HttpRequest.java"
"http_234",2301,"return paramValue;","return """";","com/github/kevinsawicki/http/HttpRequest.java"
"http_235",2304,"start = end + 1;","start = end - 1;","com/github/kevinsawicki/http/HttpRequest.java"
"http_236",2306,"if (end == -1)","if (false)","com/github/kevinsawicki/http/HttpRequest.java"
"http_237",2306,"if (end == -1)","if (true)","com/github/kevinsawicki/http/HttpRequest.java"
"http_238",2310,"return null;","return """";","com/github/kevinsawicki/http/HttpRequest.java"
"http_239",2232,"if (header == null || header.length() == 0)","if (false || header.length() == 0)","com/github/kevinsawicki/http/HttpRequest.java"
"http_240",2232,"if (header == null || header.length() == 0)","if (true || header.length() == 0)","com/github/kevinsawicki/http/HttpRequest.java"
"http_241",2232,"if (header == null || header.length() == 0)","if (header == null || false)","com/github/kevinsawicki/http/HttpRequest.java"
"http_242",2232,"if (header == null || header.length() == 0)","if (header == null || true)","com/github/kevinsawicki/http/HttpRequest.java"
"http_243",2236,"int start = header.indexOf(';') + 1;","int start = header.indexOf(';') - 1;","com/github/kevinsawicki/http/HttpRequest.java"
"http_244",2237,"if (start == 0 || start == headerLength)","if (false || start == headerLength)","com/github/kevinsawicki/http/HttpRequest.java"
"http_245",2237,"if (start == 0 || start == headerLength)","if (true || start == headerLength)","com/github/kevinsawicki/http/HttpRequest.java"
"http_246",2237,"if (start == 0 || start == headerLength)","if (start == 0 || false)","com/github/kevinsawicki/http/HttpRequest.java"
"http_247",2237,"if (start == 0 || start == headerLength)","if (start == 0 || true)","com/github/kevinsawicki/http/HttpRequest.java"
"http_248",2241,"if (end == -1)","if (false)","com/github/kevinsawicki/http/HttpRequest.java"
"http_249",2241,"if (end == -1)","if (true)","com/github/kevinsawicki/http/HttpRequest.java"
"http_250",2245,"while (start < end) {","while (start <= end) {","com/github/kevinsawicki/http/HttpRequest.java"
"http_251",2245,"while (start < end) {","while (false) {","com/github/kevinsawicki/http/HttpRequest.java"
"http_252",2245,"while (start < end) {","while (true) {","com/github/kevinsawicki/http/HttpRequest.java"
"http_253",2247,"if (nameEnd != -1 && nameEnd < end) {","if (false && nameEnd < end) {","com/github/kevinsawicki/http/HttpRequest.java"
"http_254",2247,"if (nameEnd != -1 && nameEnd < end) {","if (true && nameEnd < end) {","com/github/kevinsawicki/http/HttpRequest.java"
"http_255",2247,"if (nameEnd != -1 && nameEnd < end) {","if (nameEnd != -1 && nameEnd <= end) {","com/github/kevinsawicki/http/HttpRequest.java"
"http_256",2247,"if (nameEnd != -1 && nameEnd < end) {","if (nameEnd != -1 && false) {","com/github/kevinsawicki/http/HttpRequest.java"
"http_257",2247,"if (nameEnd != -1 && nameEnd < end) {","if (nameEnd != -1 && true) {","com/github/kevinsawicki/http/HttpRequest.java"
"http_258",2249,"if (name.length() > 0) {","if (name.length() >= 0) {","com/github/kevinsawicki/http/HttpRequest.java"
"http_259",2249,"if (name.length() > 0) {","if (false) {","com/github/kevinsawicki/http/HttpRequest.java"
"http_260",2249,"if (name.length() > 0) {","if (true) {","com/github/kevinsawicki/http/HttpRequest.java"
"http_261",2250,"String value = header.substring(nameEnd + 1, end).trim();","String value = header.substring(nameEnd - 1, end).trim();","com/github/kevinsawicki/http/HttpRequest.java"
"http_262",2252,"if (length != 0)","if (false)","com/github/kevinsawicki/http/HttpRequest.java"
"http_263",2252,"if (length != 0)","if (true)","com/github/kevinsawicki/http/HttpRequest.java"
"http_264",2253,"if (length > 2 && '""' == value.charAt(0)","if (length >= 2 && '""' == value.charAt(0)","com/github/kevinsawicki/http/HttpRequest.java"
"http_265",2253,"if (length > 2 && '""' == value.charAt(0)","if (false && '""' == value.charAt(0)","com/github/kevinsawicki/http/HttpRequest.java"
"http_266",2253,"if (length > 2 && '""' == value.charAt(0)","if (true && '""' == value.charAt(0)","com/github/kevinsawicki/http/HttpRequest.java"
"http_267",2253,"if (length > 2 && '""' == value.charAt(0)","if (length > 2 && false","com/github/kevinsawicki/http/HttpRequest.java"
"http_268",2253,"if (length > 2 && '""' == value.charAt(0)","if (length > 2 && true","com/github/kevinsawicki/http/HttpRequest.java"
"http_269",2254,"&& '""' == value.charAt(length - 1))","&& false)","com/github/kevinsawicki/http/HttpRequest.java"
"http_270",2254,"&& '""' == value.charAt(length - 1))","&& true)","com/github/kevinsawicki/http/HttpRequest.java"
"http_271",2255,"params.put(name, value.substring(1, length - 1));","params.put(name, value.substring(1, length + 1));","com/github/kevinsawicki/http/HttpRequest.java"
"http_272",2261,"start = end + 1;","start = end - 1;","com/github/kevinsawicki/http/HttpRequest.java"
"http_273",2263,"if (end == -1)","if (false)","com/github/kevinsawicki/http/HttpRequest.java"
"http_274",2263,"if (end == -1)","if (true)","com/github/kevinsawicki/http/HttpRequest.java"
"http_275",2267,"return params;","return Collections.emptyMap();","com/github/kevinsawicki/http/HttpRequest.java"
"http_276",272,"if (TRUSTED_FACTORY == null) {","if (false) {","com/github/kevinsawicki/http/HttpRequest.java"
"http_277",272,"if (TRUSTED_FACTORY == null) {","if (true) {","com/github/kevinsawicki/http/HttpRequest.java"
"http_278",289,"context.init(null, trustAllCerts, new SecureRandom());","context.init(null, trustAllCerts, new SecureRandom());  // removed call to init()","com/github/kevinsawicki/http/HttpRequest.java"
"http_279",299,"return TRUSTED_FACTORY;","return null;","com/github/kevinsawicki/http/HttpRequest.java"
"http_280",303,"if (TRUSTED_VERIFIER == null)","if (false)","com/github/kevinsawicki/http/HttpRequest.java"
"http_281",303,"if (TRUSTED_VERIFIER == null)","if (true)","com/github/kevinsawicki/http/HttpRequest.java"
"http_282",311,"return TRUSTED_VERIFIER;","return null;","com/github/kevinsawicki/http/HttpRequest.java"
"http_283",264,"if (charset != null && charset.length() > 0)","if (false && charset.length() > 0)","com/github/kevinsawicki/http/HttpRequest.java"
"http_284",264,"if (charset != null && charset.length() > 0)","if (true && charset.length() > 0)","com/github/kevinsawicki/http/HttpRequest.java"
"http_285",264,"if (charset != null && charset.length() > 0)","if (charset != null && charset.length() >= 0)","com/github/kevinsawicki/http/HttpRequest.java"
"http_286",264,"if (charset != null && charset.length() > 0)","if (charset != null && false)","com/github/kevinsawicki/http/HttpRequest.java"
"http_287",264,"if (charset != null && charset.length() > 0)","if (charset != null && true)","com/github/kevinsawicki/http/HttpRequest.java"
"http_288",265,"return charset;","return """";","com/github/kevinsawicki/http/HttpRequest.java"
"http_289",267,"return CHARSET_UTF8;","return """";","com/github/kevinsawicki/http/HttpRequest.java"
"http_290",1236,"return new HttpRequest(url, METHOD_HEAD);","return null;","com/github/kevinsawicki/http/HttpRequest.java"
"http_291",1267,"return head(encode ? encode(url) : url);","return head(false ? encode(url) : url);","com/github/kevinsawicki/http/HttpRequest.java"
"http_292",1267,"return head(encode ? encode(url) : url);","return head(true ? encode(url) : url);","com/github/kevinsawicki/http/HttpRequest.java"
"http_293",1267,"return head(encode ? encode(url) : url);","return null;","com/github/kevinsawicki/http/HttpRequest.java"
"http_294",1288,"return head(encode ? encode(url) : url);","return head(false ? encode(url) : url);","com/github/kevinsawicki/http/HttpRequest.java"
"http_295",1288,"return head(encode ? encode(url) : url);","return head(true ? encode(url) : url);","com/github/kevinsawicki/http/HttpRequest.java"
"http_296",1288,"return head(encode ? encode(url) : url);","return null;","com/github/kevinsawicki/http/HttpRequest.java"
"http_297",1247,"return new HttpRequest(url, METHOD_HEAD);","return null;","com/github/kevinsawicki/http/HttpRequest.java"
"http_298",2114,"return getConnection().getHeaderField(name);","return """";","com/github/kevinsawicki/http/HttpRequest.java"
"http_299",2078,"return header(name, value != null ? value.toString() : null);","return header(name, false ? value.toString() : null);","com/github/kevinsawicki/http/HttpRequest.java"
"http_300",2078,"return header(name, value != null ? value.toString() : null);","return header(name, true ? value.toString() : null);","com/github/kevinsawicki/http/HttpRequest.java"
"http_301",2078,"return header(name, value != null ? value.toString() : null);","return null;","com/github/kevinsawicki/http/HttpRequest.java"
"http_302",2066,"getConnection().setRequestProperty(name, value);","getConnection().  // removed call to setRequestProperty()","com/github/kevinsawicki/http/HttpRequest.java"
"http_303",2067,"return this;","return null;","com/github/kevinsawicki/http/HttpRequest.java"
"http_304",2102,"return header(header.getKey(), header.getValue());","return null;","com/github/kevinsawicki/http/HttpRequest.java"
"http_305",2125,"return getConnection().getHeaderFields();","return Collections.emptyMap();","com/github/kevinsawicki/http/HttpRequest.java"
"http_306",2191,"if (headers == null || headers.isEmpty())","if (false || headers.isEmpty())","com/github/kevinsawicki/http/HttpRequest.java"
"http_307",2191,"if (headers == null || headers.isEmpty())","if (true || headers.isEmpty())","com/github/kevinsawicki/http/HttpRequest.java"
"http_308",2191,"if (headers == null || headers.isEmpty())","if (headers == null || false)","com/github/kevinsawicki/http/HttpRequest.java"
"http_309",2191,"if (headers == null || headers.isEmpty())","if (headers == null || true)","com/github/kevinsawicki/http/HttpRequest.java"
"http_310",2192,"return EMPTY_STRINGS;","return null;","com/github/kevinsawicki/http/HttpRequest.java"
"http_311",2195,"if (values != null && !values.isEmpty())","if (false && !values.isEmpty())","com/github/kevinsawicki/http/HttpRequest.java"
"http_312",2195,"if (values != null && !values.isEmpty())","if (true && !values.isEmpty())","com/github/kevinsawicki/http/HttpRequest.java"
"http_313",2195,"if (values != null && !values.isEmpty())","if (values != null && !false)","com/github/kevinsawicki/http/HttpRequest.java"
"http_314",2195,"if (values != null && !values.isEmpty())","if (values != null && !true)","com/github/kevinsawicki/http/HttpRequest.java"
"http_315",2196,"return values.toArray(new String[values.size()]);","return null;","com/github/kevinsawicki/http/HttpRequest.java"
"http_316",2198,"return EMPTY_STRINGS;","return null;","com/github/kevinsawicki/http/HttpRequest.java"
"http_317",2089,"if (!headers.isEmpty())","if (false)","com/github/kevinsawicki/http/HttpRequest.java"
"http_318",2089,"if (!headers.isEmpty())","if (true)","com/github/kevinsawicki/http/HttpRequest.java"
"http_319",2092,"return this;","return null;","com/github/kevinsawicki/http/HttpRequest.java"
"http_320",2506,"getConnection().setIfModifiedSince(ifModifiedSince);","getConnection().  // removed call to setIfModifiedSince()","com/github/kevinsawicki/http/HttpRequest.java"
"http_321",2507,"return this;","return null;","com/github/kevinsawicki/http/HttpRequest.java"
"http_322",2517,"return header(HEADER_IF_NONE_MATCH, ifNoneMatch);","return null;","com/github/kevinsawicki/http/HttpRequest.java"
"http_323",1548,"return ignoreCloseExceptions;","return false;","com/github/kevinsawicki/http/HttpRequest.java"
"http_324",1548,"return ignoreCloseExceptions;","return true;","com/github/kevinsawicki/http/HttpRequest.java"
"http_325",1538,"return this;","return null;","com/github/kevinsawicki/http/HttpRequest.java"
"http_326",2670,"if (totalSize == -1)","if (false)","com/github/kevinsawicki/http/HttpRequest.java"
"http_327",2670,"if (totalSize == -1)","if (true)","com/github/kevinsawicki/http/HttpRequest.java"
"http_328",2673,"return this;","return null;","com/github/kevinsawicki/http/HttpRequest.java"
"http_329",2164,"return intHeader(name, -1);","return 0;","com/github/kevinsawicki/http/HttpRequest.java"
"http_330",2180,"return getConnection().getHeaderFieldInt(name, defaultValue);","return 0;","com/github/kevinsawicki/http/HttpRequest.java"
"http_331",1817,"return contentLength() == 0;","return false;","com/github/kevinsawicki/http/HttpRequest.java"
"http_332",1817,"return contentLength() == 0;","return true;","com/github/kevinsawicki/http/HttpRequest.java"
"http_333",1817,"return contentLength() == 0;","return true;","com/github/kevinsawicki/http/HttpRequest.java"
"http_334",2443,"return dateHeader(HEADER_LAST_MODIFIED);","return 0;","com/github/kevinsawicki/http/HttpRequest.java"
"http_335",2452,"return header(HEADER_LOCATION);","return """";","com/github/kevinsawicki/http/HttpRequest.java"
"http_336",1659,"return getConnection().getResponseMessage();","return """";","com/github/kevinsawicki/http/HttpRequest.java"
"http_337",3228,"return getConnection().getRequestMethod();","return """";","com/github/kevinsawicki/http/HttpRequest.java"
"http_338",1607,"return HTTP_NO_CONTENT == code();","return false;","com/github/kevinsawicki/http/HttpRequest.java"
"http_339",1607,"return HTTP_NO_CONTENT == code();","return true;","com/github/kevinsawicki/http/HttpRequest.java"
"http_340",1607,"return HTTP_NO_CONTENT == code();","return true;","com/github/kevinsawicki/http/HttpRequest.java"
"http_341",1396,"if (hosts != null && hosts.length > 0) {","if (false && hosts.length > 0) {","com/github/kevinsawicki/http/HttpRequest.java"
"http_342",1396,"if (hosts != null && hosts.length > 0) {","if (true && hosts.length > 0) {","com/github/kevinsawicki/http/HttpRequest.java"
"http_343",1396,"if (hosts != null && hosts.length > 0) {","if (hosts != null && hosts.length >= 0) {","com/github/kevinsawicki/http/HttpRequest.java"
"http_344",1396,"if (hosts != null && hosts.length > 0) {","if (hosts != null && false) {","com/github/kevinsawicki/http/HttpRequest.java"
"http_345",1396,"if (hosts != null && hosts.length > 0) {","if (hosts != null && true) {","com/github/kevinsawicki/http/HttpRequest.java"
"http_346",1398,"int last = hosts.length - 1;","int last = hosts.length + 1;","com/github/kevinsawicki/http/HttpRequest.java"
"http_347",1399,"for (int i = 0; i < last; i++)","for (int i = 0; i <= last; i++)","com/github/kevinsawicki/http/HttpRequest.java"
"http_348",1399,"for (int i = 0; i < last; i++)","for (int i = 0; false; i++)","com/github/kevinsawicki/http/HttpRequest.java"
"http_349",1399,"for (int i = 0; i < last; i++)","for (int i = 0; true; i++)","com/github/kevinsawicki/http/HttpRequest.java"
"http_350",1637,"return HTTP_NOT_FOUND == code();","return false;","com/github/kevinsawicki/http/HttpRequest.java"
"http_351",1637,"return HTTP_NOT_FOUND == code();","return true;","com/github/kevinsawicki/http/HttpRequest.java"
"http_352",1637,"return HTTP_NOT_FOUND == code();","return true;","com/github/kevinsawicki/http/HttpRequest.java"
"http_353",1647,"return HTTP_NOT_MODIFIED == code();","return false;","com/github/kevinsawicki/http/HttpRequest.java"
"http_354",1647,"return HTTP_NOT_MODIFIED == code();","return true;","com/github/kevinsawicki/http/HttpRequest.java"
"http_355",1647,"return HTTP_NOT_MODIFIED == code();","return true;","com/github/kevinsawicki/http/HttpRequest.java"
"http_356",1587,"return HTTP_OK == code();","return false;","com/github/kevinsawicki/http/HttpRequest.java"
"http_357",1587,"return HTTP_OK == code();","return true;","com/github/kevinsawicki/http/HttpRequest.java"
"http_358",1587,"return HTTP_OK == code();","return true;","com/github/kevinsawicki/http/HttpRequest.java"
"http_359",2723,"if (output != null)","if (false)","com/github/kevinsawicki/http/HttpRequest.java"
"http_360",2723,"if (output != null)","if (true)","com/github/kevinsawicki/http/HttpRequest.java"
"http_361",2724,"return this;","return null;","com/github/kevinsawicki/http/HttpRequest.java"
"http_362",2725,"getConnection().setDoOutput(true);","getConnection().  // removed call to setDoOutput()","com/github/kevinsawicki/http/HttpRequest.java"
"http_363",2730,"return this;","return null;","com/github/kevinsawicki/http/HttpRequest.java"
"http_364",1300,"return new HttpRequest(url, METHOD_OPTIONS);","return null;","com/github/kevinsawicki/http/HttpRequest.java"
"http_365",1311,"return new HttpRequest(url, METHOD_OPTIONS);","return null;","com/github/kevinsawicki/http/HttpRequest.java"
"http_366",2209,"return getParam(header(headerName), paramName);","return """";","com/github/kevinsawicki/http/HttpRequest.java"
"http_367",2222,"return getParams(header(headerName));","return Collections.emptyMap();","com/github/kevinsawicki/http/HttpRequest.java"
"http_368",2869,"return part(name, null, part);","return null;","com/github/kevinsawicki/http/HttpRequest.java"
"http_369",2919,"return part(name, null, null, part);","return null;","com/github/kevinsawicki/http/HttpRequest.java"
"http_370",2842,"return part(name, null, part);","return null;","com/github/kevinsawicki/http/HttpRequest.java"
"http_371",2792,"return part(name, null, part);","return null;","com/github/kevinsawicki/http/HttpRequest.java"
"http_372",2883,"return part(name, filename, null, part);","return null;","com/github/kevinsawicki/http/HttpRequest.java"
"http_373",2856,"return part(name, filename, part != null ? part.toString() : null);","return part(name, filename, false ? part.toString() : null);","com/github/kevinsawicki/http/HttpRequest.java"
"http_374",2856,"return part(name, filename, part != null ? part.toString() : null);","return part(name, filename, true ? part.toString() : null);","com/github/kevinsawicki/http/HttpRequest.java"
"http_375",2856,"return part(name, filename, part != null ? part.toString() : null);","return null;","com/github/kevinsawicki/http/HttpRequest.java"
"http_376",2806,"return part(name, filename, null, part);","return null;","com/github/kevinsawicki/http/HttpRequest.java"
"http_377",2906,"return part(name, filename, contentType, stream);","return null;","com/github/kevinsawicki/http/HttpRequest.java"
"http_378",2943,"return this;","return null;","com/github/kevinsawicki/http/HttpRequest.java"
"http_379",2829,"return this;","return null;","com/github/kevinsawicki/http/HttpRequest.java"
"http_380",2956,"return send(name).send("": "").send(value).send(CRLF);","return null;","com/github/kevinsawicki/http/HttpRequest.java"
"http_381",1044,"return new HttpRequest(url, METHOD_POST);","return null;","com/github/kevinsawicki/http/HttpRequest.java"
"http_382",1075,"return post(encode ? encode(url) : url);","return post(false ? encode(url) : url);","com/github/kevinsawicki/http/HttpRequest.java"
"http_383",1075,"return post(encode ? encode(url) : url);","return post(true ? encode(url) : url);","com/github/kevinsawicki/http/HttpRequest.java"
"http_384",1075,"return post(encode ? encode(url) : url);","return null;","com/github/kevinsawicki/http/HttpRequest.java"
"http_385",1096,"return post(encode ? encode(url) : url);","return post(false ? encode(url) : url);","com/github/kevinsawicki/http/HttpRequest.java"
"http_386",1096,"return post(encode ? encode(url) : url);","return post(true ? encode(url) : url);","com/github/kevinsawicki/http/HttpRequest.java"
"http_387",1096,"return post(encode ? encode(url) : url);","return null;","com/github/kevinsawicki/http/HttpRequest.java"
"http_388",1055,"return new HttpRequest(url, METHOD_POST);","return null;","com/github/kevinsawicki/http/HttpRequest.java"
"http_389",2662,"if (callback == null)","if (false)","com/github/kevinsawicki/http/HttpRequest.java"
"http_390",2662,"if (callback == null)","if (true)","com/github/kevinsawicki/http/HttpRequest.java"
"http_391",2666,"return this;","return null;","com/github/kevinsawicki/http/HttpRequest.java"
"http_392",2472,"return header(HEADER_PROXY_AUTHORIZATION, proxyAuthorization);","return null;","com/github/kevinsawicki/http/HttpRequest.java"
"http_393",2496,"return proxyAuthorization(""Basic "" + Base64.encode(name + ':' + password));","return null;","com/github/kevinsawicki/http/HttpRequest.java"
"http_394",1108,"return new HttpRequest(url, METHOD_PUT);","return null;","com/github/kevinsawicki/http/HttpRequest.java"
"http_395",1139,"return put(encode ? encode(url) : url);","return put(false ? encode(url) : url);","com/github/kevinsawicki/http/HttpRequest.java"
"http_396",1139,"return put(encode ? encode(url) : url);","return put(true ? encode(url) : url);","com/github/kevinsawicki/http/HttpRequest.java"
"http_397",1139,"return put(encode ? encode(url) : url);","return null;","com/github/kevinsawicki/http/HttpRequest.java"
"http_398",1160,"return put(encode ? encode(url) : url);","return put(false ? encode(url) : url);","com/github/kevinsawicki/http/HttpRequest.java"
"http_399",1160,"return put(encode ? encode(url) : url);","return put(true ? encode(url) : url);","com/github/kevinsawicki/http/HttpRequest.java"
"http_400",1160,"return put(encode ? encode(url) : url);","return null;","com/github/kevinsawicki/http/HttpRequest.java"
"http_401",1119,"return new HttpRequest(url, METHOD_PUT);","return null;","com/github/kevinsawicki/http/HttpRequest.java"
"http_402",2043,"getConnection().setReadTimeout(timeout);","getConnection().  // removed call to setReadTimeout()","com/github/kevinsawicki/http/HttpRequest.java"
"http_403",2044,"return this;","return null;","com/github/kevinsawicki/http/HttpRequest.java"
"http_404",1911,"return reader(charset());","return null;","com/github/kevinsawicki/http/HttpRequest.java"
"http_405",1897,"return new InputStreamReader(stream(), getValidCharset(charset));","return null;","com/github/kevinsawicki/http/HttpRequest.java"
"http_406",1955,"return new CloseOperation<HttpRequest>(output, ignoreCloseExceptions) {","return null;","com/github/kevinsawicki/http/HttpRequest.java"
"http_407",1974,"return copy(buffer(), output);","return null;","com/github/kevinsawicki/http/HttpRequest.java"
"http_408",1989,"return receive((OutputStream) output);","return null;","com/github/kevinsawicki/http/HttpRequest.java"
"http_409",2027,"return new CloseOperation<HttpRequest>(reader, ignoreCloseExceptions) {","return null;","com/github/kevinsawicki/http/HttpRequest.java"
"http_410",2002,"return new CloseOperation<HttpRequest>(reader, ignoreCloseExceptions) {","return null;","com/github/kevinsawicki/http/HttpRequest.java"
"http_411",2339,"return header(HEADER_REFERER, referer);","return null;","com/github/kevinsawicki/http/HttpRequest.java"
"http_412",2974,"return send(stream);","return null;","com/github/kevinsawicki/http/HttpRequest.java"
"http_413",3006,"return this;","return null;","com/github/kevinsawicki/http/HttpRequest.java"
"http_414",3026,"return new FlushOperation<HttpRequest>(writer) {","return null;","com/github/kevinsawicki/http/HttpRequest.java"
"http_415",3052,"return this;","return null;","com/github/kevinsawicki/http/HttpRequest.java"
"http_416",2985,"if (input != null)","if (false)","com/github/kevinsawicki/http/HttpRequest.java"
"http_417",2985,"if (input != null)","if (true)","com/github/kevinsawicki/http/HttpRequest.java"
"http_418",2987,"return send(new ByteArrayInputStream(input));","return null;","com/github/kevinsawicki/http/HttpRequest.java"
"http_419",2398,"return header(HEADER_SERVER);","return """";","com/github/kevinsawicki/http/HttpRequest.java"
"http_420",1617,"return HTTP_INTERNAL_ERROR == code();","return false;","com/github/kevinsawicki/http/HttpRequest.java"
"http_421",1617,"return HTTP_INTERNAL_ERROR == code();","return true;","com/github/kevinsawicki/http/HttpRequest.java"
"http_422",1617,"return HTTP_INTERNAL_ERROR == code();","return true;","com/github/kevinsawicki/http/HttpRequest.java"
"http_423",404,"if (connectionFactory == null)","if (false)","com/github/kevinsawicki/http/HttpRequest.java"
"http_424",404,"if (connectionFactory == null)","if (true)","com/github/kevinsawicki/http/HttpRequest.java"
"http_425",1418,"if (value != null)","if (false)","com/github/kevinsawicki/http/HttpRequest.java"
"http_426",1418,"if (value != null)","if (true)","com/github/kevinsawicki/http/HttpRequest.java"
"http_427",1432,"return AccessController.doPrivileged(action);","return """";","com/github/kevinsawicki/http/HttpRequest.java"
"http_428",2740,"if (!multipart) {","if (false) {","com/github/kevinsawicki/http/HttpRequest.java"
"http_429",2740,"if (!multipart) {","if (true) {","com/github/kevinsawicki/http/HttpRequest.java"
"http_430",2746,"return this;","return null;","com/github/kevinsawicki/http/HttpRequest.java"
"http_431",1855,"if (code() < HTTP_BAD_REQUEST)","if (code() <= HTTP_BAD_REQUEST)","com/github/kevinsawicki/http/HttpRequest.java"
"http_432",1855,"if (code() < HTTP_BAD_REQUEST)","if (false)","com/github/kevinsawicki/http/HttpRequest.java"
"http_433",1855,"if (code() < HTTP_BAD_REQUEST)","if (true)","com/github/kevinsawicki/http/HttpRequest.java"
"http_434",1863,"if (stream == null)","if (false)","com/github/kevinsawicki/http/HttpRequest.java"
"http_435",1863,"if (stream == null)","if (true)","com/github/kevinsawicki/http/HttpRequest.java"
"http_436",1867,"if (contentLength() > 0)","if (contentLength() >= 0)","com/github/kevinsawicki/http/HttpRequest.java"
"http_437",1867,"if (contentLength() > 0)","if (false)","com/github/kevinsawicki/http/HttpRequest.java"
"http_438",1867,"if (contentLength() > 0)","if (true)","com/github/kevinsawicki/http/HttpRequest.java"
"http_439",1874,"if (!uncompress || !ENCODING_GZIP.equals(contentEncoding()))","if (!uncompress || false)","com/github/kevinsawicki/http/HttpRequest.java"
"http_440",1874,"if (!uncompress || !ENCODING_GZIP.equals(contentEncoding()))","if (!uncompress || true)","com/github/kevinsawicki/http/HttpRequest.java"
"http_441",1874,"if (!uncompress || !ENCODING_GZIP.equals(contentEncoding()))","if (!uncompress || !false)","com/github/kevinsawicki/http/HttpRequest.java"
"http_442",1874,"if (!uncompress || !ENCODING_GZIP.equals(contentEncoding()))","if (!uncompress || !true)","com/github/kevinsawicki/http/HttpRequest.java"
"http_443",1875,"return stream;","return null;","com/github/kevinsawicki/http/HttpRequest.java"
"http_444",1878,"return new GZIPInputStream(stream);","return null;","com/github/kevinsawicki/http/HttpRequest.java"
"http_445",1513,"return method() + ' ' + url();","return """";","com/github/kevinsawicki/http/HttpRequest.java"
"http_446",1323,"return new HttpRequest(url, METHOD_TRACE);","return null;","com/github/kevinsawicki/http/HttpRequest.java"
"http_447",1334,"return new HttpRequest(url, METHOD_TRACE);","return null;","com/github/kevinsawicki/http/HttpRequest.java"
"http_448",3190,"if (connection instanceof HttpsURLConnection)","if (false)","com/github/kevinsawicki/http/HttpRequest.java"
"http_449",3190,"if (connection instanceof HttpsURLConnection)","if (true)","com/github/kevinsawicki/http/HttpRequest.java"
"http_450",3192,".setSSLSocketFactory(getTrustedFactory());",".setSSLSocketFactory(getTrustedFactory());  // removed call to setSSLSocketFactory()","com/github/kevinsawicki/http/HttpRequest.java"
"http_451",3193,"return this;","return null;","com/github/kevinsawicki/http/HttpRequest.java"
"http_452",3207,"if (connection instanceof HttpsURLConnection)","if (false)","com/github/kevinsawicki/http/HttpRequest.java"
"http_453",3207,"if (connection instanceof HttpsURLConnection)","if (true)","com/github/kevinsawicki/http/HttpRequest.java"
"http_454",3209,".setHostnameVerifier(getTrustedVerifier());",".setHostnameVerifier(getTrustedVerifier());  // removed call to setHostnameVerifier()","com/github/kevinsawicki/http/HttpRequest.java"
"http_455",3210,"return this;","return null;","com/github/kevinsawicki/http/HttpRequest.java"
"http_456",1735,"return this;","return null;","com/github/kevinsawicki/http/HttpRequest.java"
"http_457",3219,"return getConnection().getURL();","return null;","com/github/kevinsawicki/http/HttpRequest.java"
"http_458",2349,"getConnection().setUseCaches(useCaches);","getConnection().  // removed call to setUseCaches()","com/github/kevinsawicki/http/HttpRequest.java"
"http_459",2350,"return this;","return null;","com/github/kevinsawicki/http/HttpRequest.java"
"http_460",3240,"if (connection != null)","if (false)","com/github/kevinsawicki/http/HttpRequest.java"
"http_461",3240,"if (connection != null)","if (true)","com/github/kevinsawicki/http/HttpRequest.java"
"http_462",3245,"return this;","return null;","com/github/kevinsawicki/http/HttpRequest.java"
"http_463",2329,"return header(HEADER_USER_AGENT, userAgent);","return null;","com/github/kevinsawicki/http/HttpRequest.java"
"http_464",2759,"return writePartHeader(name, filename, null);","return null;","com/github/kevinsawicki/http/HttpRequest.java"
"http_465",2775,"if (filename != null)","if (false)","com/github/kevinsawicki/http/HttpRequest.java"
"http_466",2775,"if (filename != null)","if (true)","com/github/kevinsawicki/http/HttpRequest.java"
"http_467",2779,"if (contentType != null)","if (false)","com/github/kevinsawicki/http/HttpRequest.java"
"http_468",2779,"if (contentType != null)","if (true)","com/github/kevinsawicki/http/HttpRequest.java"
"http_469",2781,"return send(CRLF);","return null;","com/github/kevinsawicki/http/HttpRequest.java"
"http_470",3064,"return new OutputStreamWriter(output, output.encoder.charset());","return null;","com/github/kevinsawicki/http/HttpRequest.java"
"http_471",276,"return new X509Certificate[0];","return null;","com/github/kevinsawicki/http/HttpRequest.java"
"http_472",3030,"return copy(input, writer);","return null;","com/github/kevinsawicki/http/HttpRequest.java"
"http_473",307,"return true;","return false;","com/github/kevinsawicki/http/HttpRequest.java"
"http_474",1422,"return System.setProperty(name, value);","return """";","com/github/kevinsawicki/http/HttpRequest.java"
"http_475",1429,"return System.clearProperty(name);","return """";","com/github/kevinsawicki/http/HttpRequest.java"
"http_476",1959,"return receive(output);","return null;","com/github/kevinsawicki/http/HttpRequest.java"
"http_477",2008,"while ((read = reader.read(buffer)) != -1) {","while (false) {","com/github/kevinsawicki/http/HttpRequest.java"
"http_478",2008,"while ((read = reader.read(buffer)) != -1) {","while (true) {","com/github/kevinsawicki/http/HttpRequest.java"
"http_479",2013,"return HttpRequest.this;","return null;","com/github/kevinsawicki/http/HttpRequest.java"
"http_480",2031,"return copy(reader, writer);","return null;","com/github/kevinsawicki/http/HttpRequest.java"
"http_481",2619,"while ((read = input.read(buffer)) != -1) {","while (false) {","com/github/kevinsawicki/http/HttpRequest.java"
"http_482",2619,"while ((read = input.read(buffer)) != -1) {","while (true) {","com/github/kevinsawicki/http/HttpRequest.java"
"http_483",2620,"output.write(buffer, 0, read);","// removed call to write()","com/github/kevinsawicki/http/HttpRequest.java"
"http_484",2622,"progress.onUpload(totalWritten, totalSize);","// removed call to onUpload()","com/github/kevinsawicki/http/HttpRequest.java"
"http_485",2624,"return HttpRequest.this;","return null;","com/github/kevinsawicki/http/HttpRequest.java"
"http_486",2645,"while ((read = input.read(buffer)) != -1) {","while (false) {","com/github/kevinsawicki/http/HttpRequest.java"
"http_487",2645,"while ((read = input.read(buffer)) != -1) {","while (true) {","com/github/kevinsawicki/http/HttpRequest.java"
"http_488",2646,"output.write(buffer, 0, read);","// removed call to write()","com/github/kevinsawicki/http/HttpRequest.java"
"http_489",2648,"progress.onUpload(totalWritten, -1);","// removed call to onUpload()","com/github/kevinsawicki/http/HttpRequest.java"
"http_490",2650,"return HttpRequest.this;","return null;","com/github/kevinsawicki/http/HttpRequest.java"
"http_491",550,"return encodeBytes(bytes);","return """";","com/github/kevinsawicki/http/HttpRequest.java"
"http_492",506,"int inBuff = (numSigBytes > 0 ? ((source[srcOffset] << 24) >>> 8) : 0)","int inBuff = (numSigBytes >= 0 ? ((source[srcOffset] << 24) >>> 8) : 0)","com/github/kevinsawicki/http/HttpRequest.java"
"http_493",506,"int inBuff = (numSigBytes > 0 ? ((source[srcOffset] << 24) >>> 8) : 0)","int inBuff = (false ? ((source[srcOffset] << 24) >>> 8) : 0)","com/github/kevinsawicki/http/HttpRequest.java"
"http_494",506,"int inBuff = (numSigBytes > 0 ? ((source[srcOffset] << 24) >>> 8) : 0)","int inBuff = (true ? ((source[srcOffset] << 24) >>> 8) : 0)","com/github/kevinsawicki/http/HttpRequest.java"
"http_495",506,"int inBuff = (numSigBytes > 0 ? ((source[srcOffset] << 24) >>> 8) : 0)","int inBuff = (numSigBytes > 0 ? ((source[srcOffset] >> 24) >>> 8) : 0)","com/github/kevinsawicki/http/HttpRequest.java"
"http_496",507,"| (numSigBytes > 1 ? ((source[srcOffset + 1] << 24) >>> 16) : 0)","| (numSigBytes >= 1 ? ((source[srcOffset + 1] << 24) >>> 16) : 0)","com/github/kevinsawicki/http/HttpRequest.java"
"http_497",507,"| (numSigBytes > 1 ? ((source[srcOffset + 1] << 24) >>> 16) : 0)","| (false ? ((source[srcOffset + 1] << 24) >>> 16) : 0)","com/github/kevinsawicki/http/HttpRequest.java"
"http_498",507,"| (numSigBytes > 1 ? ((source[srcOffset + 1] << 24) >>> 16) : 0)","| (true ? ((source[srcOffset + 1] << 24) >>> 16) : 0)","com/github/kevinsawicki/http/HttpRequest.java"
"http_499",507,"| (numSigBytes > 1 ? ((source[srcOffset + 1] << 24) >>> 16) : 0)","| (numSigBytes > 1 ? ((source[srcOffset - 1] << 24) >>> 16) : 0)","com/github/kevinsawicki/http/HttpRequest.java"
"http_500",507,"| (numSigBytes > 1 ? ((source[srcOffset + 1] << 24) >>> 16) : 0)","| (numSigBytes > 1 ? ((source[srcOffset + 1] >> 24) >>> 16) : 0)","com/github/kevinsawicki/http/HttpRequest.java"
"http_501",507,"| (numSigBytes > 1 ? ((source[srcOffset + 1] << 24) >>> 16) : 0)","& (numSigBytes > 1 ? ((source[srcOffset + 1] << 24) >>> 16) : 0)","com/github/kevinsawicki/http/HttpRequest.java"
"http_502",508,"| (numSigBytes > 2 ? ((source[srcOffset + 2] << 24) >>> 24) : 0);","| (numSigBytes >= 2 ? ((source[srcOffset + 2] << 24) >>> 24) : 0);","com/github/kevinsawicki/http/HttpRequest.java"
"http_503",508,"| (numSigBytes > 2 ? ((source[srcOffset + 2] << 24) >>> 24) : 0);","| (false ? ((source[srcOffset + 2] << 24) >>> 24) : 0);","com/github/kevinsawicki/http/HttpRequest.java"
"http_504",508,"| (numSigBytes > 2 ? ((source[srcOffset + 2] << 24) >>> 24) : 0);","| (true ? ((source[srcOffset + 2] << 24) >>> 24) : 0);","com/github/kevinsawicki/http/HttpRequest.java"
"http_505",508,"| (numSigBytes > 2 ? ((source[srcOffset + 2] << 24) >>> 24) : 0);","| (numSigBytes > 2 ? ((source[srcOffset - 2] << 24) >>> 24) : 0);","com/github/kevinsawicki/http/HttpRequest.java"
"http_506",508,"| (numSigBytes > 2 ? ((source[srcOffset + 2] << 24) >>> 24) : 0);","| (numSigBytes > 2 ? ((source[srcOffset + 2] >> 24) >>> 24) : 0);","com/github/kevinsawicki/http/HttpRequest.java"
"http_507",508,"| (numSigBytes > 2 ? ((source[srcOffset + 2] << 24) >>> 24) : 0);","& (numSigBytes > 2 ? ((source[srcOffset + 2] << 24) >>> 24) : 0);","com/github/kevinsawicki/http/HttpRequest.java"
"http_508",510,"switch (numSigBytes) {","switch (numSigBytes) { // switch default changed to first case","com/github/kevinsawicki/http/HttpRequest.java"
"http_509",513,"destination[destOffset + 1] = ALPHABET[(inBuff >>> 12) & 0x3f];","destination[destOffset - 1] = ALPHABET[(inBuff >>> 12) & 0x3f];","com/github/kevinsawicki/http/HttpRequest.java"
"http_510",513,"destination[destOffset + 1] = ALPHABET[(inBuff >>> 12) & 0x3f];","destination[destOffset + 1] = ALPHABET[(inBuff >>> 12) | 0x3f];","com/github/kevinsawicki/http/HttpRequest.java"
"http_511",514,"destination[destOffset + 2] = ALPHABET[(inBuff >>> 6) & 0x3f];","destination[destOffset - 2] = ALPHABET[(inBuff >>> 6) & 0x3f];","com/github/kevinsawicki/http/HttpRequest.java"
"http_512",514,"destination[destOffset + 2] = ALPHABET[(inBuff >>> 6) & 0x3f];","destination[destOffset + 2] = ALPHABET[(inBuff >>> 6) | 0x3f];","com/github/kevinsawicki/http/HttpRequest.java"
"http_513",515,"destination[destOffset + 3] = ALPHABET[(inBuff) & 0x3f];","destination[destOffset - 3] = ALPHABET[(inBuff) & 0x3f];","com/github/kevinsawicki/http/HttpRequest.java"
"http_514",515,"destination[destOffset + 3] = ALPHABET[(inBuff) & 0x3f];","destination[destOffset + 3] = ALPHABET[(inBuff) | 0x3f];","com/github/kevinsawicki/http/HttpRequest.java"
"http_515",516,"return destination;","return null;","com/github/kevinsawicki/http/HttpRequest.java"
"http_516",520,"destination[destOffset + 1] = ALPHABET[(inBuff >>> 12) & 0x3f];","destination[destOffset - 1] = ALPHABET[(inBuff >>> 12) & 0x3f];","com/github/kevinsawicki/http/HttpRequest.java"
"http_517",520,"destination[destOffset + 1] = ALPHABET[(inBuff >>> 12) & 0x3f];","destination[destOffset + 1] = ALPHABET[(inBuff >>> 12) | 0x3f];","com/github/kevinsawicki/http/HttpRequest.java"
"http_518",521,"destination[destOffset + 2] = ALPHABET[(inBuff >>> 6) & 0x3f];","destination[destOffset - 2] = ALPHABET[(inBuff >>> 6) & 0x3f];","com/github/kevinsawicki/http/HttpRequest.java"
"http_519",521,"destination[destOffset + 2] = ALPHABET[(inBuff >>> 6) & 0x3f];","destination[destOffset + 2] = ALPHABET[(inBuff >>> 6) | 0x3f];","com/github/kevinsawicki/http/HttpRequest.java"
"http_520",522,"destination[destOffset + 3] = EQUALS_SIGN;","destination[destOffset - 3] = EQUALS_SIGN;","com/github/kevinsawicki/http/HttpRequest.java"
"http_521",523,"return destination;","return null;","com/github/kevinsawicki/http/HttpRequest.java"
"http_522",527,"destination[destOffset + 1] = ALPHABET[(inBuff >>> 12) & 0x3f];","destination[destOffset - 1] = ALPHABET[(inBuff >>> 12) & 0x3f];","com/github/kevinsawicki/http/HttpRequest.java"
"http_523",527,"destination[destOffset + 1] = ALPHABET[(inBuff >>> 12) & 0x3f];","destination[destOffset + 1] = ALPHABET[(inBuff >>> 12) | 0x3f];","com/github/kevinsawicki/http/HttpRequest.java"
"http_524",528,"destination[destOffset + 2] = EQUALS_SIGN;","destination[destOffset - 2] = EQUALS_SIGN;","com/github/kevinsawicki/http/HttpRequest.java"
"http_525",529,"destination[destOffset + 3] = EQUALS_SIGN;","destination[destOffset - 3] = EQUALS_SIGN;","com/github/kevinsawicki/http/HttpRequest.java"
"http_526",530,"return destination;","return null;","com/github/kevinsawicki/http/HttpRequest.java"
"http_527",533,"return destination;","return null;","com/github/kevinsawicki/http/HttpRequest.java"
"http_528",566,"return encodeBytes(source, 0, source.length);","return """";","com/github/kevinsawicki/http/HttpRequest.java"
"http_529",588,"return new String(encoded, PREFERRED_ENCODING);","return """";","com/github/kevinsawicki/http/HttpRequest.java"
"http_530",590,"return new String(encoded);","return """";","com/github/kevinsawicki/http/HttpRequest.java"
"http_531",615,"if (source == null)","if (false)","com/github/kevinsawicki/http/HttpRequest.java"
"http_532",615,"if (source == null)","if (true)","com/github/kevinsawicki/http/HttpRequest.java"
"http_533",618,"if (off < 0)","if (off <= 0)","com/github/kevinsawicki/http/HttpRequest.java"
"http_534",618,"if (off < 0)","if (false)","com/github/kevinsawicki/http/HttpRequest.java"
"http_535",618,"if (off < 0)","if (true)","com/github/kevinsawicki/http/HttpRequest.java"
"http_536",622,"if (len < 0)","if (len <= 0)","com/github/kevinsawicki/http/HttpRequest.java"
"http_537",622,"if (len < 0)","if (false)","com/github/kevinsawicki/http/HttpRequest.java"
"http_538",622,"if (len < 0)","if (true)","com/github/kevinsawicki/http/HttpRequest.java"
"http_539",625,"if (off + len > source.length)","if (off - len > source.length)","com/github/kevinsawicki/http/HttpRequest.java"
"http_540",625,"if (off + len > source.length)","if (off + len >= source.length)","com/github/kevinsawicki/http/HttpRequest.java"
"http_541",625,"if (off + len > source.length)","if (false)","com/github/kevinsawicki/http/HttpRequest.java"
"http_542",625,"if (off + len > source.length)","if (true)","com/github/kevinsawicki/http/HttpRequest.java"
"http_543",633,"int encLen = (len / 3) * 4 + (len % 3 > 0 ? 4 : 0);","int encLen = (len * 3) * 4 + (len % 3 > 0 ? 4 : 0);","com/github/kevinsawicki/http/HttpRequest.java"
"http_544",633,"int encLen = (len / 3) * 4 + (len % 3 > 0 ? 4 : 0);","int encLen = (len / 3) / 4 + (len % 3 > 0 ? 4 : 0);","com/github/kevinsawicki/http/HttpRequest.java"
"http_545",633,"int encLen = (len / 3) * 4 + (len % 3 > 0 ? 4 : 0);","int encLen = (len / 3) * 4 + (len * 3 > 0 ? 4 : 0);","com/github/kevinsawicki/http/HttpRequest.java"
"http_546",633,"int encLen = (len / 3) * 4 + (len % 3 > 0 ? 4 : 0);","int encLen = (len / 3) * 4 + (len % 3 >= 0 ? 4 : 0);","com/github/kevinsawicki/http/HttpRequest.java"
"http_547",633,"int encLen = (len / 3) * 4 + (len % 3 > 0 ? 4 : 0);","int encLen = (len / 3) * 4 + (false ? 4 : 0);","com/github/kevinsawicki/http/HttpRequest.java"
"http_548",633,"int encLen = (len / 3) * 4 + (len % 3 > 0 ? 4 : 0);","int encLen = (len / 3) * 4 + (true ? 4 : 0);","com/github/kevinsawicki/http/HttpRequest.java"
"http_549",633,"int encLen = (len / 3) * 4 + (len % 3 > 0 ? 4 : 0);","int encLen = (len / 3) * 4 - (len % 3 > 0 ? 4 : 0);","com/github/kevinsawicki/http/HttpRequest.java"
"http_550",639,"int len2 = len - 2;","int len2 = len + 2;","com/github/kevinsawicki/http/HttpRequest.java"
"http_551",640,"for (; d < len2; d += 3, e += 4)","for (; d <= len2; d += 3, e += 4)","com/github/kevinsawicki/http/HttpRequest.java"
"http_552",640,"for (; d < len2; d += 3, e += 4)","for (; false; d += 3, e += 4)","com/github/kevinsawicki/http/HttpRequest.java"
"http_553",640,"for (; d < len2; d += 3, e += 4)","for (; true; d += 3, e += 4)","com/github/kevinsawicki/http/HttpRequest.java"
"http_554",640,"for (; d < len2; d += 3, e += 4)","for (; d < len2; d -= 3, e += 4)","com/github/kevinsawicki/http/HttpRequest.java"
"http_555",640,"for (; d < len2; d += 3, e += 4)","for (; d < len2; d += 3, e -= 4)","com/github/kevinsawicki/http/HttpRequest.java"
"http_556",641,"encode3to4(source, d + off, 3, outBuff, e);","encode3to4(source, d - off, 3, outBuff, e);","com/github/kevinsawicki/http/HttpRequest.java"
"http_557",643,"if (d < len) {","if (d <= len) {","com/github/kevinsawicki/http/HttpRequest.java"
"http_558",643,"if (d < len) {","if (false) {","com/github/kevinsawicki/http/HttpRequest.java"
"http_559",643,"if (d < len) {","if (true) {","com/github/kevinsawicki/http/HttpRequest.java"
"http_560",644,"encode3to4(source, d + off, len - d, outBuff, e);","encode3to4(source, d - off, len - d, outBuff, e);","com/github/kevinsawicki/http/HttpRequest.java"
"http_561",644,"encode3to4(source, d + off, len - d, outBuff, e);","encode3to4(source, d + off, len + d, outBuff, e);","com/github/kevinsawicki/http/HttpRequest.java"
"http_562",645,"e += 4;","e -= 4;","com/github/kevinsawicki/http/HttpRequest.java"
"http_563",648,"if (e <= outBuff.length - 1) {","if (e <= outBuff.length + 1) {","com/github/kevinsawicki/http/HttpRequest.java"
"http_564",648,"if (e <= outBuff.length - 1) {","if (e < outBuff.length - 1) {","com/github/kevinsawicki/http/HttpRequest.java"
"http_565",648,"if (e <= outBuff.length - 1) {","if (false) {","com/github/kevinsawicki/http/HttpRequest.java"
"http_566",648,"if (e <= outBuff.length - 1) {","if (true) {","com/github/kevinsawicki/http/HttpRequest.java"
"http_567",650,"System.arraycopy(outBuff, 0, finalOut, 0, e);","// removed call to arraycopy()","com/github/kevinsawicki/http/HttpRequest.java"
"http_568",651,"return finalOut;","return null;","com/github/kevinsawicki/http/HttpRequest.java"
"http_569",653,"return outBuff;","return null;","com/github/kevinsawicki/http/HttpRequest.java"
"http_570",755,"if (closeable instanceof Flushable)","if (false)","com/github/kevinsawicki/http/HttpRequest.java"
"http_571",755,"if (closeable instanceof Flushable)","if (true)","com/github/kevinsawicki/http/HttpRequest.java"
"http_572",756,"((Flushable) closeable).flush();","((Flushable) closeable).  // removed call to flush()","com/github/kevinsawicki/http/HttpRequest.java"
"http_573",757,"if (ignoreCloseExceptions)","if (false)","com/github/kevinsawicki/http/HttpRequest.java"
"http_574",757,"if (ignoreCloseExceptions)","if (true)","com/github/kevinsawicki/http/HttpRequest.java"
"http_575",759,"closeable.close();","// removed call to close()","com/github/kevinsawicki/http/HttpRequest.java"
"http_576",764,"closeable.close();","// removed call to close()","com/github/kevinsawicki/http/HttpRequest.java"
"http_577",389,"return (HttpURLConnection) url.openConnection();","return null;","com/github/kevinsawicki/http/HttpRequest.java"
"http_578",393,"return (HttpURLConnection) url.openConnection(proxy);","return null;","com/github/kevinsawicki/http/HttpRequest.java"
"http_579",789,"flushable.flush();","// removed call to flush()","com/github/kevinsawicki/http/HttpRequest.java"
"http_580",680,"return (IOException) super.getCause();","return null;","com/github/kevinsawicki/http/HttpRequest.java"
"http_581",711,"return run();","return null;","com/github/kevinsawicki/http/HttpRequest.java"
"http_582",720,"done();","// removed call to done()","com/github/kevinsawicki/http/HttpRequest.java"
"http_583",722,"if (!thrown)","if (false)","com/github/kevinsawicki/http/HttpRequest.java"
"http_584",722,"if (!thrown)","if (true)","com/github/kevinsawicki/http/HttpRequest.java"
"http_585",824,"super.write(bytes.array(), 0, bytes.limit());","super.write(bytes.array(), 0, bytes.limit());  // removed call to write()","com/github/kevinsawicki/http/HttpRequest.java"
"http_586",826,"return this;","return null;","com/github/kevinsawicki/http/HttpRequest.java"
